date,users
2014-06-23,99
2014-06-24,72
2014-06-25,119
2014-06-26,135
2014-06-27,149
2014-06-28,119
2014-06-29,140
2014-06-30,137
2014-07-01,132
2014-07-02,130
2014-07-03,92
2014-07-04,125
2014-07-05,786
2014-07-06,1235
2014-07-07,1327
2014-07-08,1780
2014-07-09,1882
2014-07-10,2273
2014-07-11,2214
2014-07-12,1953
2014-07-13,1794
2014-07-14,2314
2014-07-15,2539
2014-07-16,2680
2014-07-17,2659
2014-07-18,2552
2014-07-19,2361
2014-07-20,2373
2014-07-21,2679
2014-07-22,2939
2014-07-23,2932
2014-07-24,3213
2014-07-25,3086
2014-07-26,2467
2014-07-27,2321
2014-07-28,2898
2014-07-29,3171
2014-07-30,3243
2014-07-31,3370
2014-08-01,3054
2014-08-02,2534
2014-08-03,2624
2014-08-04,2817
2014-08-05,2836
2014-08-06,3060
2014-08-07,2972
2014-08-08,2916
2014-08-09,2582
2014-08-10,2688
2014-08-11,2902
2014-08-12,3011
2014-08-13,3111
2014-08-14,2794
2014-08-15,2392
2014-08-16,2254
2014-08-17,2447
2014-08-18,2950
2014-08-19,3160
2014-08-20,3358
2014-08-21,3682
2014-08-22,3419
2014-08-23,3158
2014-08-24,3422
2014-08-25,3559
2014-08-26,3993
2014-08-27,4010
2014-08-28,4131
2014-08-29,4260
2014-08-30,4003
2014-08-31,4323
2014-09-01,4299
2014-09-02,4616
2014-09-03,5171
2014-09-04,5339
2014-09-05,4958
2014-09-06,4792
2014-09-07,4725
2014-09-08,4920
2014-09-09,5215
2014-09-10,5297
2014-09-11,5253
2014-09-12,5341
2014-09-13,4827
2014-09-14,4979
2014-09-15,5029
2014-09-16,5023
2014-09-17,4740
2014-09-18,4320
2014-09-19,4859
2014-09-20,5030
2014-09-21,4955
2014-09-22,4755
2014-09-23,5405
2014-09-24,4868
2014-09-25,5906
2014-09-26,5598
2014-09-27,5083
2014-09-28,4009
2014-09-29,4982
2014-09-30,5620
2014-10-01,5899
2014-10-02,6050
2014-10-03,6333
2014-10-04,6017
2014-10-05,5720
2014-10-06,5431
2014-10-07,5753
2014-10-08,6047
2014-10-09,3700
2014-10-10,4675
2014-10-11,4292
2014-10-12,4628
2014-10-13,4446
2014-10-14,4009
2014-10-15,5516
2014-10-16,5948
2014-10-17,6840
2014-10-18,6266
2014-10-19,5942
2014-10-20,5736
2014-10-21,6145
2014-10-22,6309
2014-10-23,6322
2014-10-24,6579
2014-10-25,6210
2014-10-26,6005
2014-10-27,5637
2014-10-28,5877
2014-10-29,5967
2014-10-30,6099
2014-10-31,6023
2014-11-01,5219
2014-11-02,4170
2014-11-03,3512
2014-11-04,4363
2014-11-05,5000
2014-11-06,5058
2014-11-07,4473
2014-11-08,3630
2014-11-09,3454
2014-11-10,3156
2014-11-11,2582
2014-11-12,4636
2014-11-13,4006
2014-11-14,3485
2014-11-15,3737
2014-11-16,3786
2014-11-17,3976
2014-11-18,4087
2014-11-19,4580
2014-11-20,4880
2014-11-21,5044
2014-11-22,4571
2014-11-23,3631
2014-11-24,4135
2014-11-25,3753
2014-11-26,4481
2014-11-27,3261
2014-11-28,2133
2014-11-29,3167
2014-11-30,3760
2014-12-01,4236
2014-12-02,4580
2014-12-03,4354
2014-12-04,4555
2014-12-05,4554
2014-12-06,3159
2014-12-07,3071
2014-12-08,3104
2014-12-09,3698
2014-12-10,4203
2014-12-11,4522
2014-12-12,4796
2014-12-13,2699
2014-12-14,1742
2014-12-15,3979
2014-12-16,4409
2014-12-17,4574
2014-12-18,4853
2014-12-19,5173
2014-12-20,4553
2014-12-21,4201
2014-12-22,4038
2014-12-23,4025
2014-12-24,2827
2014-12-25,2218
2014-12-26,3309
2014-12-27,3236
2014-12-28,2578
2014-12-29,3147
2014-12-30,3356
2014-12-31,2742
2015-01-01,2167
2015-01-02,3033
2015-01-03,3357
2015-01-04,3450
2015-01-05,4156
2015-01-06,2766
2015-01-07,3879
2015-01-08,4393
2015-01-09,4918
2015-01-10,4588
2015-01-11,4350
2015-01-12,4285
2015-01-13,4399
2015-01-14,4342
2015-01-15,3663
2015-01-16,4254
2015-01-17,4041
2015-01-18,2372
2015-01-19,3331
2015-01-20,3710
2015-01-21,3500
2015-01-22,4222
2015-01-23,4627
2015-01-24,4580
2015-01-25,4235
2015-01-26,4231
2015-01-27,4479
2015-01-28,4949
2015-01-29,4766
2015-01-30,3971
2015-01-31,3891
2015-02-01,3612
2015-02-02,2800
2015-02-03,3233
2015-02-04,3830
2015-02-05,3959
2015-02-06,4276
2015-02-07,3497
2015-02-08,3758
2015-02-09,4053
2015-02-10,4413
2015-02-11,4436
2015-02-12,4985
2015-02-13,5082
2015-02-14,4292
2015-02-15,3989
2015-02-16,4600
2015-02-17,4631
2015-02-18,4812
2015-02-19,5078
2015-02-20,5052
2015-02-21,4435
2015-02-22,4770
2015-02-23,4591
2015-02-24,4639
2015-02-25,5114
2015-02-26,5511
2015-02-27,6023
2015-02-28,5764
2015-03-01,5853
2015-03-02,5109
2015-03-03,5359
2015-03-04,5404
2015-03-05,5540
2015-03-06,6248
2015-03-07,6787
2015-03-08,6717
2015-03-09,5720
2015-03-10,6375
2015-03-11,6627
2015-03-12,6693
2015-03-13,6888
2015-03-14,6060
2015-03-15,4694
2015-03-16,5083
2015-03-17,5478
2015-03-18,3325
2015-03-19,4012
2015-03-20,3969
2015-03-21,3212
2015-03-22,3737
2015-03-23,1869
2015-03-24,5224
2015-03-25,5363
2015-03-26,6164
2015-03-27,7427
2015-03-28,7510
2015-03-29,6824
2015-03-30,6312
2015-03-31,6451
2015-04-01,5842
2015-04-02,4708
2015-04-03,4718
2015-04-04,5159
2015-04-05,6061
2015-04-06,6534
2015-04-07,6795
2015-04-08,6355
2015-04-09,4423
2015-04-10,7170
2015-04-11,7680
2015-04-12,7441
2015-04-13,6740
2015-04-14,7566
2015-04-15,6401
2015-04-16,6944
2015-04-17,8185
2015-04-18,7762
2015-04-19,7336
2015-04-20,6999
2015-04-21,7430
2015-04-22,8037
2015-04-23,8731
2015-04-24,8881
2015-04-25,7714
2015-04-26,3468
2015-04-27,6270
2015-04-28,7656
2015-04-29,8442
2015-04-30,8547
2015-05-01,7504
2015-05-02,7478
2015-05-03,6666
2015-05-04,7242
2015-05-05,7923
2015-05-06,8554
2015-05-07,9040
2015-05-08,9725
2015-05-09,9696
2015-05-10,9650
2015-05-11,8320
2015-05-12,9043
2015-05-13,9283
2015-05-14,9585
2015-05-15,8194
2015-05-16,8612
2015-05-17,8340
2015-05-18,8781
2015-05-19,8667
2015-05-20,8900
2015-05-21,9035
2015-05-22,9113
2015-05-23,8957
2015-05-24,9269
2015-05-25,8704
2015-05-26,9373
2015-05-27,9684
2015-05-28,9956
2015-05-29,10061
2015-05-30,9368
2015-05-31,9471
2015-06-01,9075
2015-06-02,9956
2015-06-03,10483
2015-06-04,9770
2015-06-05,9488
2015-06-06,8947
2015-06-07,9064
2015-06-08,9600
2015-06-09,9730
2015-06-10,8962
2015-06-11,8908
2015-06-12,10816
2015-06-13,10308
2015-06-14,8902
2015-06-15,7855
2015-06-16,10223
2015-06-17,10722
2015-06-18,11512
2015-06-19,11983
2015-06-20,10691
2015-06-21,9756
2015-06-22,10086
2015-06-23,9482
2015-06-24,11638
2015-06-25,12329
2015-06-26,11676
2015-06-27,9531
2015-06-28,9304
2015-06-29,9862
2015-06-30,10710
2015-07-01,11422
2015-07-02,11686
2015-07-03,11275
2015-07-04,9729
2015-07-05,8042
2015-07-06,9002
2015-07-07,9980
2015-07-08,11042
2015-07-09,12379
2015-07-10,11530
2015-07-11,9433
2015-07-12,8662
2015-07-13,10766
2015-07-14,11148
2015-07-15,11723
2015-07-16,11750
2015-07-17,11193
2015-07-18,9497
2015-07-19,8743
2015-07-20,10317
2015-07-21,10639
2015-07-22,10695
2015-07-23,11430
2015-07-24,10683
2015-07-25,9011
2015-07-26,8293
2015-07-27,9602
2015-07-28,10552
2015-07-29,10986
2015-07-30,10733
2015-07-31,10003
2015-08-01,8363
2015-08-02,7868
2015-08-03,8614
2015-08-04,9109
2015-08-05,9506
2015-08-06,9846
2015-08-07,8846
2015-08-08,7928
2015-08-09,7343
2015-08-10,8175
2015-08-11,8941
2015-08-12,9383
2015-08-13,9210
2015-08-14,8396
2015-08-15,7297
2015-08-16,7106
2015-08-17,8562
2015-08-18,9065
2015-08-19,9137
2015-08-20,9702
2015-08-21,9043
2015-08-22,8143
2015-08-23,8380
2015-08-24,8858
2015-08-25,9609
2015-08-26,10332
2015-08-27,10610
2015-08-28,10554
2015-08-29,9833
2015-08-30,8334
2015-08-31,9743
2015-09-01,11400
2015-09-02,12100
2015-09-03,13090
2015-09-04,12430
2015-09-05,11052
2015-09-06,11190
2015-09-07,10812
2015-09-08,12519
2015-09-09,13047
2015-09-10,13911
2015-09-11,13812
2015-09-12,11932
2015-09-13,10943
2015-09-14,11282
2015-09-15,10185
2015-09-16,7733
2015-09-17,12010
2015-09-18,13677
2015-09-19,12615
2015-09-20,12430
2015-09-21,12298
2015-09-22,13792
2015-09-23,13753
2015-09-24,14260
2015-09-25,15308
2015-09-26,14079
2015-09-27,13100
2015-09-28,12119
2015-09-29,12635
2015-09-30,13627
2015-10-01,14080
2015-10-02,15259
2015-10-03,14183
2015-10-04,11787
2015-10-05,9975
2015-10-06,12318
2015-10-07,12435
2015-10-08,13195
2015-10-09,13766
2015-10-10,11602
2015-10-11,9469
2015-10-12,10626
2015-10-13,8671
2015-10-14,11638
2015-10-15,12491
2015-10-16,13531
2015-10-17,10030
2015-10-18,6237
2015-10-19,8787
2015-10-20,11310
2015-10-21,11394
2015-10-22,12016
2015-10-23,12687
2015-10-24,12488
2015-10-25,11842
2015-10-26,8237
2015-10-27,8851
2015-10-28,9675
2015-10-29,11161
2015-10-30,12897
2015-10-31,11690
2015-11-01,9784
2015-11-02,4833
2015-11-03,8115
2015-11-04,9065
2015-11-05,10483
2015-11-06,11252
2015-11-07,10820
2015-11-08,9792
2015-11-09,8986
2015-11-10,10228
2015-11-11,10843
2015-11-12,11191
2015-11-13,13047
2015-11-14,11769
2015-11-15,10672
2015-11-16,9655
2015-11-17,10436
2015-11-18,11059
2015-11-19,11351
2015-11-20,12317
2015-11-21,10147
2015-11-22,7309
2015-11-23,7898
2015-11-24,8662
2015-11-25,9793
2015-11-26,10505
2015-11-27,11373
2015-11-28,10675
2015-11-29,8861
2015-11-30,8468
2015-12-01,9096
2015-12-02,9404
2015-12-03,10347
2015-12-04,10911
2015-12-05,9759
2015-12-06,8851
2015-12-07,8110
2015-12-08,7864
2015-12-09,9191
2015-12-10,9890
2015-12-11,11271
2015-12-12,9905
2015-12-13,8705
2015-12-14,7904
2015-12-15,9558
2015-12-16,9969
2015-12-17,10519
2015-12-18,11045
2015-12-19,10340
2015-12-20,8535
2015-12-21,8822
2015-12-22,9532
2015-12-23,8785
2015-12-24,5070
2015-12-25,3546
2015-12-26,5136
2015-12-27,5587
2015-12-28,4869
2015-12-29,6398
2015-12-30,6977
2015-12-31,4951
2016-01-01,3658
2016-01-02,5037
2016-01-03,4072
2016-01-04,4314
2016-01-05,6856
2016-01-06,3653
2016-01-07,6727
2016-01-08,6710
2016-01-09,6258
2016-01-10,3273
2016-01-11,5950
2016-01-12,7762
2016-01-13,8127
2016-01-14,5401
2016-01-15,8084
2016-01-16,7442
2016-01-17,5916
2016-01-18,7053
2016-01-19,7713
2016-01-20,7928
2016-01-21,8002
2016-01-22,7728
2016-01-23,8541
2016-01-24,8590
2016-01-25,8215
2016-01-26,8955
2016-01-27,8349
2016-01-28,6220
2016-01-29,7661
2016-01-30,8065
2016-01-31,7826
2016-02-01,8590
2016-02-02,8856
2016-02-03,9282
2016-02-04,9045
2016-02-05,9240
2016-02-06,6983
2016-02-07,5546
2016-02-08,7460
2016-02-09,7492
2016-02-10,8672
2016-02-11,7515
2016-02-12,5159
2016-02-13,5313
2016-02-14,4219
2016-02-15,6789
2016-02-16,7354
2016-02-17,7507
2016-02-18,6739
2016-02-19,8387
2016-02-20,7642
2016-02-21,6976
2016-02-22,7981
2016-02-23,8929
2016-02-24,6993
2016-02-25,8585
2016-02-26,4598
2016-02-27,5783
2016-02-28,5398
2016-02-29,7848
2016-03-01,8599
2016-03-02,9315
2016-03-03,9432
2016-03-04,8553
2016-03-05,6319
2016-03-06,6065
2016-03-07,6306
2016-03-08,8096
2016-03-09,8123
2016-03-10,8514
2016-03-11,9064
2016-03-12,7836
2016-03-13,7376
2016-03-14,7917
2016-03-15,8820
2016-03-16,9448
2016-03-17,9764
2016-03-18,8053
2016-03-19,4560
2016-03-20,4930
2016-03-21,4193
2016-03-22,6380
2016-03-23,6254
2016-03-24,4445
2016-03-25,3942
2016-03-26,4500
2016-03-27,4878
2016-03-28,6577
2016-03-29,8635
2016-03-30,9936
2016-03-31,8770
2016-04-01,9502
2016-04-02,8582
2016-04-03,5851
2016-04-04,2172
2016-04-05,9051
2016-04-06,9998
2016-04-07,10683
2016-04-08,10118
2016-04-09,9027
2016-04-10,5525
2016-04-11,4898
2016-04-12,4233
2016-04-13,9011
2016-04-14,9916
2016-04-15,9498
2016-04-16,4094
2016-04-17,8271
2016-04-18,9733
2016-04-19,5508
2016-04-20,5366
2016-04-21,9523
2016-04-22,9444
2016-04-23,7488
2016-04-24,9020
2016-04-25,9528
2016-04-26,10452
2016-04-27,10466
2016-04-28,10015
2016-04-29,9753
2016-04-30,7468
2016-05-01,6414
2016-05-02,7228
2016-05-03,10453
2016-05-04,11720
2016-05-05,10042
2016-05-06,7292
2016-05-07,7000
2016-05-08,3102
2016-05-09,5351
2016-05-10,5737
2016-05-11,7124
2016-05-12,8800
2016-05-13,8277
2016-05-14,7716
2016-05-15,7997
2016-05-16,8643
2016-05-17,10794
2016-05-18,11663
2016-05-19,11926
2016-05-20,12491
2016-05-21,10926
2016-05-22,9440
2016-05-23,10398
2016-05-24,11090
2016-05-25,11125
2016-05-26,12153
2016-05-27,12311
2016-05-28,7653
2016-05-29,8019
2016-05-30,10466
2016-05-31,11190
2016-06-01,12028
2016-06-02,12270
2016-06-03,12097
2016-06-04,10059
2016-06-05,9728
2016-06-06,11464
2016-06-07,12418
2016-06-08,13064
2016-06-09,12858
2016-06-10,13181
2016-06-11,10123
2016-06-12,9360
2016-06-13,11715
2016-06-14,12517
2016-06-15,11398
2016-06-16,10913
2016-06-17,11531
2016-06-18,9284
2016-06-19,8590
2016-06-20,11378
2016-06-21,12312
2016-06-22,12805
2016-06-23,12809
2016-06-24,12402
2016-06-25,9188
2016-06-26,8847
2016-06-27,11551
2016-06-28,12225
2016-06-29,12713
2016-06-30,13108
2016-07-01,11906
2016-07-02,8817
2016-07-03,8306
2016-07-04,10779
2016-07-05,12357
2016-07-06,12141
2016-07-07,11884
2016-07-08,11489
2016-07-09,8548
2016-07-10,7646
2016-07-11,11218
2016-07-12,12366
2016-07-13,12828
2016-07-14,12242
2016-07-15,11216
2016-07-16,8020
2016-07-17,7374
2016-07-18,10461
2016-07-19,11553
2016-07-20,11635
2016-07-21,11858
2016-07-22,10364
2016-07-23,6508
2016-07-24,5917
2016-07-25,6287
2016-07-26,10352
2016-07-27,11096
2016-07-28,11289
2016-07-29,10285
2016-07-30,7204
2016-07-31,7022
2016-08-01,8815
2016-08-02,9085
2016-08-03,9600
2016-08-04,9469
2016-08-05,8562
2016-08-06,6016
2016-08-07,5676
2016-08-08,7568
2016-08-09,7897
2016-08-10,8156
2016-08-11,8174
2016-08-12,7256
2016-08-13,5319
2016-08-14,5118
2016-08-15,5268
2016-08-16,7556
2016-08-17,7923
2016-08-18,8239
2016-08-19,7743
2016-08-20,6055
2016-08-21,5924
2016-08-22,8271
2016-08-23,8703
2016-08-24,9229
2016-08-25,9279
2016-08-26,8549
2016-08-27,7333
2016-08-28,6776
2016-08-29,9319
2016-08-30,10215
2016-08-31,10789
2016-09-01,11022
2016-09-02,11062
2016-09-03,8602
2016-09-04,8253
2016-09-05,10593
2016-09-06,11042
2016-09-07,11273
2016-09-08,11408
2016-09-09,10962
2016-09-10,8312
2016-09-11,7831
2016-09-12,9703
2016-09-13,8137
2016-09-14,9382
2016-09-15,9961
2016-09-16,9646
2016-09-17,7466
2016-09-18,6923
2016-09-19,8056
2016-09-20,8841
2016-09-21,8929
2016-09-22,9133
2016-09-23,8475
2016-09-24,6738
2016-09-25,6002
2016-09-26,6343
2016-09-27,7792
2016-09-28,8366
2016-09-29,8532
2016-09-30,8795
2016-10-01,7375
2016-10-02,7153
2016-10-03,8047
2016-10-04,8684
2016-10-05,8847
2016-10-06,9180
2016-10-07,8842
2016-10-08,7237
2016-10-09,6415
2016-10-10,7387
2016-10-11,8132
2016-10-12,2781
2016-10-13,4526
2016-10-14,6200
2016-10-15,5306
2016-10-16,4561
2016-10-17,5183
2016-10-18,6307
2016-10-19,4309
2016-10-20,3902
2016-10-21,5678
2016-10-22,2647
2016-10-23,1953
2016-10-24,3843
2016-10-25,5096
2016-10-26,5980
2016-10-27,6059
2016-10-28,5603
2016-10-29,4575
2016-10-30,3872
2016-10-31,4818
2016-11-01,4403
2016-11-02,5691
2016-11-03,6211
2016-11-04,2965
2016-11-05,2185
2016-11-06,3804
2016-11-07,4620
2016-11-08,5570
2016-11-09,4092
2016-11-10,5605
2016-11-11,5840
2016-11-12,4586
2016-11-13,4420
2016-11-14,5173
2016-11-15,5205
2016-11-16,5490
2016-11-17,5813
2016-11-18,5925
2016-11-19,4739
2016-11-20,1524
2016-11-21,4171
2016-11-22,4862
2016-11-23,4324
2016-11-24,5239
2016-11-25,2767
2016-11-26,1791
2016-11-27,1820
2016-11-28,5372
2016-11-29,5326
2016-11-30,6026
2016-12-01,6272
2016-12-02,6556
2016-12-03,4796
2016-12-04,1963
2016-12-05,5323
2016-12-06,5094
2016-12-07,6032
2016-12-08,4566
2016-12-09,5423
2016-12-10,5012
2016-12-11,4520
2016-12-12,5680
2016-12-13,5824
2016-12-14,5206
2016-12-15,4274
2016-12-16,4183
2016-12-17,5777
2016-12-18,4735
2016-12-19,5777
2016-12-20,6208
2016-12-21,6778
2016-12-22,6722
2016-12-23,6051
2016-12-24,3352
2016-12-25,2027
2016-12-26,3127
2016-12-27,4959
2016-12-28,5432
2016-12-29,5772
2016-12-30,5180
2016-12-31,2799
2017-01-01,1900
2017-01-02,3413
2017-01-03,4663
2017-01-04,5376
2017-01-05,5195
2017-01-06,3095
2017-01-07,4141
2017-01-08,3857
2017-01-09,5762
2017-01-10,6276
2017-01-11,7028
2017-01-12,6865
2017-01-13,6848
2017-01-14,5229
2017-01-15,4373
2017-01-16,6090
2017-01-17,5995
2017-01-18,5375
2017-01-19,5139
2017-01-20,5298
2017-01-21,4667
2017-01-22,4099
2017-01-23,5803
2017-01-24,6540
2017-01-25,6472
2017-01-26,6204
2017-01-27,4048
2017-01-28,4620
2017-01-29,2926
2017-01-30,5505
2017-01-31,6801
2017-02-01,6298
2017-02-02,5209
2017-02-03,5622
2017-02-04,4167
2017-02-05,4064
2017-02-06,6651
2017-02-07,6117
2017-02-08,7182
2017-02-09,7062
2017-02-10,4659
2017-02-11,2504
2017-02-12,1943
2017-02-13,5572
2017-02-14,7072
2017-02-15,7676
2017-02-16,7622
2017-02-17,7381
2017-02-18,5846
2017-02-19,5332
2017-02-20,7174
2017-02-21,7688
2017-02-22,8116
2017-02-23,7192
2017-02-24,8384
2017-02-25,6661
2017-02-26,5749
2017-02-27,7226
2017-02-28,7652
2017-03-01,8442
2017-03-02,8434
2017-03-03,5458
2017-03-04,5231
2017-03-05,4797
2017-03-06,7961
2017-03-07,8855
2017-03-08,9622
2017-03-09,9867
2017-03-10,10032
2017-03-11,7910
2017-03-12,6528
2017-03-13,7223
2017-03-14,8497
2017-03-15,9511
2017-03-16,9782
2017-03-17,8509
2017-03-18,6373
2017-03-19,5881
2017-03-20,6280
2017-03-21,8316
2017-03-22,6211
2017-03-23,5264
2017-03-24,5690
2017-03-25,4846
2017-03-26,4812
2017-03-27,6681
2017-03-28,8605
2017-03-29,9285
2017-03-30,9595
2017-03-31,9523
2017-04-01,7378
2017-04-02,7073
2017-04-03,8450
2017-04-04,9301
2017-04-05,9065
2017-04-06,9111
2017-04-07,9126
2017-04-08,7283
2017-04-09,6724
2017-04-10,7853
2017-04-11,7983
2017-04-12,7283
2017-04-13,4601
2017-04-14,4483
2017-04-15,4902
2017-04-16,5321
2017-04-17,8949
2017-04-18,10121
2017-04-19,9430
2017-04-20,9083
2017-04-21,10179
2017-04-22,7954
2017-04-23,9243
2017-04-24,9750
2017-04-25,9533
2017-04-26,9755
2017-04-27,8822
2017-04-28,8341
2017-04-29,3344
2017-04-30,3422
2017-05-01,5224
2017-05-02,6770
2017-05-03,10010
2017-05-04,10533
2017-05-05,9179
2017-05-06,8220
2017-05-07,8581
2017-05-08,10451
2017-05-09,11131
2017-05-10,10695
2017-05-11,7128
2017-05-12,7180
2017-05-13,7359
2017-05-14,7956
2017-05-15,8209
2017-05-16,10891
2017-05-17,11324
2017-05-18,10693
2017-05-19,11461
2017-05-20,9534
2017-05-21,8369
2017-05-22,11431
2017-05-23,11871
2017-05-24,12475
2017-05-25,12747
2017-05-26,12593
2017-05-27,10618
2017-05-28,9498
2017-05-29,11640
2017-05-30,12623
2017-05-31,12980
2017-06-01,13582
2017-06-02,12651
2017-06-03,9383
2017-06-04,9331
2017-06-05,11481
2017-06-06,12496
2017-06-07,13063
2017-06-08,13339
2017-06-09,13147
2017-06-10,10215
2017-06-11,9408
2017-06-12,11902
2017-06-13,12585
2017-06-14,13136
2017-06-15,12996
2017-06-16,12388
2017-06-17,9070
2017-06-18,7923
2017-06-19,12337
2017-06-20,12538
2017-06-21,13880
2017-06-22,13910
2017-06-23,12794
2017-06-24,9294
2017-06-25,7470
2017-06-26,11700
2017-06-27,13174
2017-06-28,13204
2017-06-29,12866
2017-06-30,11700
2017-07-01,8410
2017-07-02,7645
2017-07-03,12161
2017-07-04,12915
2017-07-05,13355
2017-07-06,6204
2017-07-07,7822
2017-07-08,7903
2017-07-09,8330
2017-07-10,11973
2017-07-11,12524
2017-07-12,12765
2017-07-13,12546
2017-07-14,11394
2017-07-15,7580
2017-07-16,7563
2017-07-17,11320
2017-07-18,12011
2017-07-19,12382
2017-07-20,12616
2017-07-21,11626
2017-07-22,8060
2017-07-23,7081
2017-07-24,11092
2017-07-25,11817
2017-07-26,12202
2017-07-27,12618
2017-07-28,11563
2017-07-29,7450
2017-07-30,6783
2017-07-31,10017
2017-08-01,10112
2017-08-02,10709
2017-08-03,10427
2017-08-04,9417
2017-08-05,6458
2017-08-06,6098
2017-08-07,8746
2017-08-08,9106
2017-08-09,8980
2017-08-10,8637
2017-08-11,7845
2017-08-12,5674
2017-08-13,5435
2017-08-14,6852
2017-08-15,6097
2017-08-16,8293
2017-08-17,8749
2017-08-18,7914
2017-08-19,6094
2017-08-20,5994
2017-08-21,8710
2017-08-22,9317
2017-08-23,9642
2017-08-24,9918
2017-08-25,9344
2017-08-26,7233
2017-08-27,6697
2017-08-28,5965
2017-08-29,10450
2017-08-30,11385
2017-08-31,12218
2017-09-01,12221
2017-09-02,9173
2017-09-03,9312
2017-09-04,12647
2017-09-05,13649
2017-09-06,14284
2017-09-07,14349
2017-09-08,13806
2017-09-09,9975
2017-09-10,9385
2017-09-11,12879
2017-09-12,13840
2017-09-13,14493
2017-09-14,14484
2017-09-15,13309
2017-09-16,9820
2017-09-17,9637
2017-09-18,12509
2017-09-19,13591
2017-09-20,14328
2017-09-21,14193
2017-09-22,13630
2017-09-23,10824
2017-09-24,10403
2017-09-25,12970
2017-09-26,13821
2017-09-27,14058
2017-09-28,14440
2017-09-29,14714
2017-09-30,11625
2017-10-01,10882
2017-10-02,13309
2017-10-03,14496
2017-10-04,14631
2017-10-05,15308
2017-10-06,14803
2017-10-07,11760
2017-10-08,11098
2017-10-09,13438
2017-10-10,13799
2017-10-11,14226
2017-10-12,10495
2017-10-13,11678
2017-10-14,9810
2017-10-15,9731
2017-10-16,13046
2017-10-17,11458
2017-10-18,6377
2017-10-19,12430
2017-10-20,13476
2017-10-21,11122
2017-10-22,10882
2017-10-23,12353
2017-10-24,13439
2017-10-25,13972
2017-10-26,14460
2017-10-27,14379
2017-10-28,11424
2017-10-29,9489
2017-10-30,12661
2017-10-31,13656
2017-11-01,10567
2017-11-02,12852
2017-11-03,13200
2017-11-04,8775
2017-11-05,8856
2017-11-06,10898
2017-11-07,11929
2017-11-08,11680
2017-11-09,7430
2017-11-10,10278
2017-11-11,8763
2017-11-12,8263
2017-11-13,10474
2017-11-14,11162
2017-11-15,11354
2017-11-16,11935
2017-11-17,12023
2017-11-18,9916
2017-11-19,8634
2017-11-20,11034
2017-11-21,11734
2017-11-22,11873
2017-11-23,12235
2017-11-24,12445
2017-11-25,9475
2017-11-26,7739
2017-11-27,9738
2017-11-28,6836
2017-11-29,10622
2017-11-30,10314
2017-12-01,9667
2017-12-02,6815
2017-12-03,6231
2017-12-04,8784
2017-12-05,9336
2017-12-06,6142
2017-12-07,7242
2017-12-08,5321
2017-12-09,6144
2017-12-10,4722
2017-12-11,7599
2017-12-12,9315
2017-12-13,9439
2017-12-14,9887
2017-12-15,10371
2017-12-16,8296
2017-12-17,7093
2017-12-18,9190
2017-12-19,10287
2017-12-20,10424
2017-12-21,10466
2017-12-22,10065
2017-12-23,6792
2017-12-24,4379
2017-12-25,2405
2017-12-26,5072
2017-12-27,6210
2017-12-28,7146
2017-12-29,7672
2017-12-30,6214
2017-12-31,4134
2018-01-01,3769
2018-01-02,6649
2018-01-03,7890
2018-01-04,8465
2018-01-05,5947
2018-01-06,1393
2018-01-07,2421
2018-01-08,7843
2018-01-09,5924
2018-01-10,7056
2018-01-11,8804
2018-01-12,9303
2018-01-13,4342
2018-01-14,5457
2018-01-15,8179
2018-01-16,9376
2018-01-17,9740
2018-01-18,10105
2018-01-19,10343
2018-01-20,7716
2018-01-21,7702
2018-01-22,9574
2018-01-23,10300
2018-01-24,10735
2018-01-25,6807
2018-01-26,9259
2018-01-27,6856
2018-01-28,6264
2018-01-29,9240
2018-01-30,9850
2018-01-31,10279
2018-02-01,9132
2018-02-02,8836
2018-02-03,6763
2018-02-04,2175
2018-02-05,2902
2018-02-06,7785
2018-02-07,8053
2018-02-08,8327
2018-02-09,8555
2018-02-10,6436
2018-02-11,6332
2018-02-12,8251
2018-02-13,8538
2018-02-14,9390
2018-02-15,9328
2018-02-16,9677
2018-02-17,7516
2018-02-18,7025
2018-02-19,9114
2018-02-20,10003
2018-02-21,9418
2018-02-22,9420
2018-02-23,9567
2018-02-24,7213
2018-02-25,6902
2018-02-26,9322
2018-02-27,4640
2018-02-28,3628
2018-03-01,3259
2018-03-02,3623
2018-03-03,4686
2018-03-04,5414
2018-03-05,6201
2018-03-06,7688
2018-03-07,9643
2018-03-08,9583
2018-03-09,4830
2018-03-10,3934
2018-03-11,4569
2018-03-12,8570
2018-03-13,9342
2018-03-14,3246
2018-03-15,9075
2018-03-16,7983
2018-03-17,5178
2018-03-18,6422
2018-03-19,5864
2018-03-20,8078
2018-03-21,8813
2018-03-22,9530
2018-03-23,7125
2018-03-24,5025
2018-03-25,5279
2018-03-26,7538
2018-03-27,8187
2018-03-28,7477
2018-03-29,4256
2018-03-30,3244
2018-03-31,3949
2018-04-01,5282
2018-04-02,9154
2018-04-03,9391
2018-04-04,9890
2018-04-05,11114
2018-04-06,8409
2018-04-07,5318
2018-04-08,7542
2018-04-09,6936
2018-04-10,3069
2018-04-11,8679
2018-04-12,7128
2018-04-13,8675
2018-04-14,7998
2018-04-15,7596
2018-04-16,9960
2018-04-17,11570
2018-04-18,12695
2018-04-19,12700
2018-04-20,12327
2018-04-21,9124
2018-04-22,9430
2018-04-23,11598
2018-04-24,13029
2018-04-25,13752
2018-04-26,13563
2018-04-27,12621
2018-04-28,7440
2018-04-29,3857
2018-04-30,5754
2018-05-01,6087
2018-05-02,7139
2018-05-03,11025
2018-05-04,11852
2018-05-05,9577
2018-05-06,8973
2018-05-07,10568
2018-05-08,11891
2018-05-09,13235
2018-05-10,13747
2018-05-11,13109
2018-05-12,8823
2018-05-13,7945
2018-05-14,10763
2018-05-15,9540
2018-05-16,12986
2018-05-17,13565
2018-05-18,12004
2018-05-19,9989
2018-05-20,9381
2018-05-21,11898
2018-05-22,12290
2018-05-23,12829
2018-05-24,13333
2018-05-25,8072
2018-05-26,9859
2018-05-27,10283
2018-05-28,6430
2018-05-29,9547
2018-05-30,11511
2018-05-31,13318
2018-06-01,13383
2018-06-02,7636
2018-06-03,9547
2018-06-04,12275
2018-06-05,12633
2018-06-06,11200
2018-06-07,13818
2018-06-08,8011
2018-06-09,9183
2018-06-10,8248
2018-06-11,11745
2018-06-12,13041
2018-06-13,13735
2018-06-14,13533
2018-06-15,13367
2018-06-16,9795
2018-06-17,8967
2018-06-18,12770
2018-06-19,13960
2018-06-20,14510
2018-06-21,14642
2018-06-22,13818
2018-06-23,9640
2018-06-24,8845
2018-06-25,13499
2018-06-26,13980
2018-06-27,14741
2018-06-28,14767
2018-06-29,13748
2018-06-30,9469
2018-07-01,8834
2018-07-02,12952
2018-07-03,14076
2018-07-04,14027
2018-07-05,13909
2018-07-06,12641
2018-07-07,8619
2018-07-08,8024
2018-07-09,12672
2018-07-10,13660
2018-07-11,13709
2018-07-12,13771
2018-07-13,12536
2018-07-14,8379
2018-07-15,8030
2018-07-16,11963
2018-07-17,13180
2018-07-18,13740
2018-07-19,13626
2018-07-20,12261
2018-07-21,8145
2018-07-22,7449
2018-07-23,11845
2018-07-24,12574
2018-07-25,12674
2018-07-26,12655
2018-07-27,11566
2018-07-28,8226
2018-07-29,8006
2018-07-30,11872
2018-07-31,12697
2018-08-01,12491
2018-08-02,11728
2018-08-03,10204
2018-08-04,6763
2018-08-05,6594
2018-08-06,9266
2018-08-07,10156
2018-08-08,10258
2018-08-09,10322
2018-08-10,9008
2018-08-11,6479
2018-08-12,6266
2018-08-13,8562
2018-08-14,9163
2018-08-15,7071
2018-08-16,8984
2018-08-17,8177
2018-08-18,6117
2018-08-19,6315
2018-08-20,9530
2018-08-21,10128
2018-08-22,10721
2018-08-23,10992
2018-08-24,10239
2018-08-25,7514
2018-08-26,7344
2018-08-27,11352
2018-08-28,12281
2018-08-29,12834
2018-08-30,13080
2018-08-31,12654
2018-09-01,9714
2018-09-02,9326
2018-09-03,13599
2018-09-04,14926
2018-09-05,15146
2018-09-06,15479
2018-09-07,13642
2018-09-08,8618
2018-09-09,10303
2018-09-10,14666
2018-09-11,15682
2018-09-12,16276
2018-09-13,16385
2018-09-14,15996
2018-09-15,11525
2018-09-16,11142
2018-09-17,14525
2018-09-18,15270
2018-09-19,16454
2018-09-20,16733
2018-09-21,15806
2018-09-22,11822
2018-09-23,11541
2018-09-24,14773
2018-09-25,15833
2018-09-26,15276
2018-09-27,16192
2018-09-28,15724
2018-09-29,12143
2018-09-30,11363
2018-10-01,14401
2018-10-02,15024
2018-10-03,15920
2018-10-04,15749
2018-10-05,15299
2018-10-06,12160
2018-10-07,10212
2018-10-08,13446
2018-10-09,11694
2018-10-10,12504
2018-10-11,11804
2018-10-12,8041
2018-10-13,9386
2018-10-14,7086
2018-10-15,10762
2018-10-16,13710
2018-10-17,14528
2018-10-18,12893
2018-10-19,7284
2018-10-20,8605
2018-10-21,9197
2018-10-22,13353
2018-10-23,14218
2018-10-24,14342
2018-10-25,14769
2018-10-26,11513
2018-10-27,6700
2018-10-28,6957
2018-10-29,10281
2018-10-30,5133
2018-10-31,10491
2018-11-01,8037
2018-11-02,10100
2018-11-03,8271
2018-11-04,7518
2018-11-05,6435
2018-11-06,10778
2018-11-07,7924
2018-11-08,8757
2018-11-09,7101
2018-11-10,6394
2018-11-11,6970
2018-11-12,9737
2018-11-13,12382
2018-11-14,12234
2018-11-15,11983
2018-11-16,11203
2018-11-17,9759
2018-11-18,5425
2018-11-19,9944
2018-11-20,9132
2018-11-21,10071
2018-11-22,11257
2018-11-23,10913
2018-11-24,7802
2018-11-25,6173
2018-11-26,9938
2018-11-27,10996
2018-11-28,11019
2018-11-29,10605
2018-11-30,10939
2018-12-01,8672
2018-12-02,7047
2018-12-03,9482
2018-12-04,11268
2018-12-05,11569
2018-12-06,7529
2018-12-07,8444
2018-12-08,7103
2018-12-09,7260
2018-12-10,10357
2018-12-11,11170
2018-12-12,11172
2018-12-13,7928
2018-12-14,11024
2018-12-15,8529
2018-12-16,6901
2018-12-17,10221
2018-12-18,10182
2018-12-19,10522
2018-12-20,11069
2018-12-21,10132
2018-12-22,6584
2018-12-23,5178
2018-12-24,4460
2018-12-25,3025
2018-12-26,6621
2018-12-27,7433
2018-12-28,7643
2018-12-29,5834
2018-12-30,5415
2018-12-31,5001
2019-01-01,3861
2019-01-02,6561
2019-01-03,7626
2019-01-04,7944
2019-01-05,6365
2019-01-06,4861
2019-01-07,5594
2019-01-08,9465
2019-01-09,10114
2019-01-10,9805
2019-01-11,9464
2019-01-12,7142
2019-01-13,6305
2019-01-14,9412
2019-01-15,10174
2019-01-16,10251
2019-01-17,9710
2019-01-18,9364
2019-01-19,4499
2019-01-20,5516
2019-01-21,9240
2019-01-22,8496
2019-01-23,9762
2019-01-24,11130
2019-01-25,11559
2019-01-26,8599
2019-01-27,7435
2019-01-28,10096
2019-01-29,10228
2019-01-30,9110
2019-01-31,9663
2019-02-01,8541
2019-02-02,7108
2019-02-03,6923
2019-02-04,9674
2019-02-05,10904
2019-02-06,11056
2019-02-07,11302
2019-02-08,11152
2019-02-09,7985
2019-02-10,6557
2019-02-11,10329
2019-02-12,11111
2019-02-13,11464
2019-02-14,11610
2019-02-15,11373
2019-02-16,8593
2019-02-17,7693
2019-02-18,10373
2019-02-19,11483
2019-02-20,11500
2019-02-21,11872
2019-02-22,11839
2019-02-23,8488
2019-02-24,7983
2019-02-25,10992
2019-02-26,12106
2019-02-27,12236
2019-02-28,12421
2019-03-01,12120
2019-03-02,9072
2019-03-03,7823
2019-03-04,10353
2019-03-05,11698
2019-03-06,8297
2019-03-07,11314
2019-03-08,12143
2019-03-09,8810
2019-03-10,8692
2019-03-11,11742
2019-03-12,12550
2019-03-13,12183
2019-03-14,12505
2019-03-15,12769
2019-03-16,9608
2019-03-17,8581
2019-03-18,10792
2019-03-19,11555
2019-03-20,12122
2019-03-21,12386
2019-03-22,12485
2019-03-23,9155
2019-03-24,8710
2019-03-25,11744
2019-03-26,12445
2019-03-27,12627
2019-03-28,12802
2019-03-29,12338
2019-03-30,9135
2019-03-31,6147
2019-04-01,10966
2019-04-02,11962
2019-04-03,12140
2019-04-04,12213
2019-04-05,7439
2019-04-06,6238
2019-04-07,5791
2019-04-08,8738
2019-04-09,9870
2019-04-10,11537
2019-04-11,12027
2019-04-12,12087
2019-04-13,8770
2019-04-14,8051
2019-04-15,9637
2019-04-16,10008
2019-04-17,8307
2019-04-18,1901
2019-04-19,2172
2019-04-20,4566
2019-04-21,4830
2019-04-22,10112
2019-04-23,8419
2019-04-24,3134
2019-04-25,10569
2019-04-26,12376
2019-04-27,10395
2019-04-28,9979
2019-04-29,12586
2019-04-30,13121
2019-05-01,8082
2019-05-02,7932
2019-05-03,9221
2019-05-04,8076
2019-05-05,8009
2019-05-06,12335
2019-05-07,13526
2019-05-08,12563
2019-05-09,13691
2019-05-10,13840
2019-05-11,11106
2019-05-12,10161
2019-05-13,13480
2019-05-14,14914
2019-05-15,11713
2019-05-16,13957
2019-05-17,12207
2019-05-18,9319
2019-05-19,9224
2019-05-20,12781
2019-05-21,13980
2019-05-22,14572
2019-05-23,14757
2019-05-24,14817
2019-05-25,10542
2019-05-26,10303
2019-05-27,13653
2019-05-28,14275
2019-05-29,14463
2019-05-30,15008
2019-05-31,14481
2019-06-01,10591
2019-06-02,10018
2019-06-03,13772
2019-06-04,14932
2019-06-05,14332
2019-06-06,14781
2019-06-07,13823
2019-06-08,10153
2019-06-09,9557
2019-06-10,13507
2019-06-11,13800
2019-06-12,14508
2019-06-13,14838
2019-06-14,14310
2019-06-15,9846
2019-06-16,9136
2019-06-17,13561
2019-06-18,14844
2019-06-19,14928
2019-06-20,15290
2019-06-21,14502
2019-06-22,9816
2019-06-23,9424
2019-06-24,13631
2019-06-25,14860
2019-06-26,15019
2019-06-27,14900
2019-06-28,13831
2019-06-29,9476
2019-06-30,8632
2019-07-01,13441
2019-07-02,14230
2019-07-03,14387
2019-07-04,14630
2019-07-05,13438
2019-07-06,8713
2019-07-07,8041
2019-07-08,12783
2019-07-09,13998
2019-07-10,14142
2019-07-11,13898
2019-07-12,12638
2019-07-13,8250
2019-07-14,7819
2019-07-15,12185
2019-07-16,13445
2019-07-17,13966
2019-07-18,14031
2019-07-19,12509
2019-07-20,7846
2019-07-21,7193
2019-07-22,12247
2019-07-23,12313
2019-07-24,13474
2019-07-25,13379
2019-07-26,12278
2019-07-27,7986
2019-07-28,7408
2019-07-29,11894
2019-07-30,12764
2019-07-31,12540
2019-08-01,12306
2019-08-02,10859
2019-08-03,6990
2019-08-04,6611
2019-08-05,9735
2019-08-06,10659
2019-08-07,10950
2019-08-08,10538
2019-08-09,9364
2019-08-10,6203
2019-08-11,5822
2019-08-12,8492
2019-08-13,8896
2019-08-14,8615
2019-08-15,5796
2019-08-16,6629
2019-08-17,5348
2019-08-18,5331
2019-08-19,8743
2019-08-20,9380
2019-08-21,9789
2019-08-22,10160
2019-08-23,9560
2019-08-24,6903
2019-08-25,6519
2019-08-26,6490
2019-08-27,11023
2019-08-28,11953
2019-08-29,12585
2019-08-30,10345
2019-08-31,8762
2019-09-01,8819
2019-09-02,13391
2019-09-03,14768
2019-09-04,15344
2019-09-05,15397
2019-09-06,14320
2019-09-07,9964
2019-09-08,9860
2019-09-09,14280
2019-09-10,14384
2019-09-11,15784
2019-09-12,15784
2019-09-13,11477
2019-09-14,6357
2019-09-15,7713
2019-09-16,14612
2019-09-17,15423
2019-09-18,16411
2019-09-19,16738
2019-09-20,14886
2019-09-21,9173
2019-09-22,10304
2019-09-23,14558
2019-09-24,15736
2019-09-25,16154
2019-09-26,16718
2019-09-27,16894
2019-09-28,11824
2019-09-29,11214
2019-09-30,15247
2019-10-01,16573
2019-10-02,16413
2019-10-03,17095
2019-10-04,16631
2019-10-05,12168
2019-10-06,11749
2019-10-07,15243
2019-10-08,16697
2019-10-09,16898
2019-10-10,17146
2019-10-11,16825
2019-10-12,10660
2019-10-13,10687
2019-10-14,10867
2019-10-15,14457
2019-10-16,15044
2019-10-17,12691
2019-10-18,14054
2019-10-19,9697
2019-10-20,7390
2019-10-21,13273
2019-10-22,9398
2019-10-23,9530
2019-10-24,14300
2019-10-25,14742
2019-10-26,11033
2019-10-27,9806
2019-10-28,13791
2019-10-29,14712
2019-10-30,14562
2019-10-31,14298
2019-11-01,8572
2019-11-02,8502
2019-11-03,7829
2019-11-04,10876
2019-11-05,11392
2019-11-06,13643
2019-11-07,12545
2019-11-08,12884
2019-11-09,7140
2019-11-10,7792
2019-11-11,11767
2019-11-12,12332
2019-11-13,12645
2019-11-14,10692
2019-11-15,12049
2019-11-16,8604
2019-11-17,5765
2019-11-18,11303
2019-11-19,11809
2019-11-20,8196
2019-11-21,9660
2019-11-22,6479
2019-11-23,8137
2019-11-24,7604
2019-11-25,11779
2019-11-26,9573
2019-11-27,12495
2019-11-28,12383
2019-11-29,11635
2019-11-30,8152
2019-12-01,3279
2019-12-02,10703
2019-12-03,11718
2019-12-04,8425
2019-12-05,11660
2019-12-06,7145
2019-12-07,6827
2019-12-08,4580
2019-12-09,5877
2019-12-10,10576
2019-12-11,10418
2019-12-12,7736
2019-12-13,10834
2019-12-14,7972
2019-12-15,6715
2019-12-16,9849
2019-12-17,8865
2019-12-18,10071
2019-12-19,5662
2019-12-20,5624
2019-12-21,5353
2019-12-22,4891
2019-12-23,6109
2019-12-24,4068
2019-12-25,2483
2019-12-26,5904
2019-12-27,6387
2019-12-28,5058
2019-12-29,4616
2019-12-30,5772
2019-12-31,5270
2020-01-01,3215
2020-01-02,5911
2020-01-03,6180
2020-01-04,5502
2020-01-05,5390
2020-01-06,4044
2020-01-07,8833
2020-01-08,10317
2020-01-09,10624
2020-01-10,10792
2020-01-11,7439
2020-01-12,6524
2020-01-13,9597
2020-01-14,10280
2020-01-15,10442
2020-01-16,11316
2020-01-17,11279
2020-01-18,5217
2020-01-19,5842
2020-01-20,7831
2020-01-21,6622
2020-01-22,8363
2020-01-23,10552
2020-01-24,7884
2020-01-25,4553
2020-01-26,6534
2020-01-27,8503
2020-01-28,10024
2020-01-29,11205
2020-01-30,11040
2020-01-31,11657
2020-02-01,8307
2020-02-02,6939
2020-02-03,11524
2020-02-04,12368
2020-02-05,12404
2020-02-06,11969
2020-02-07,12082
2020-02-08,7604
2020-02-09,7023
2020-02-10,11455
2020-02-11,11870
2020-02-12,12123
2020-02-13,12606
2020-02-14,12609
2020-02-15,8740
2020-02-16,8354
2020-02-17,11288
2020-02-18,12218
2020-02-19,12951
2020-02-20,13090
2020-02-21,12853
2020-02-22,9256
2020-02-23,8524
2020-02-24,12262
2020-02-25,12708
2020-02-26,13203
2020-02-27,13279
2020-02-28,12627
2020-02-29,7862
2020-03-01,6459
2020-03-02,9075
2020-03-03,11536
2020-03-04,13063
2020-03-05,12423
2020-03-06,11990
2020-03-07,8633
2020-03-08,8174
2020-03-09,11860
2020-03-10,12672
2020-03-11,11539
2020-03-12,9440
2020-03-13,7183
2020-03-14,2577
2020-03-15,982
2020-03-16,0
2020-03-17,0
2020-03-18,0
2020-03-19,0
2020-03-20,0
2020-03-21,0
2020-03-22,0
2020-03-23,0
2020-03-24,0
2020-03-25,0
2020-03-26,0
2020-03-27,0
2020-03-28,0
2020-03-29,0
2020-03-30,0
2020-03-31,0
2020-04-01,0
2020-04-02,0
2020-04-03,0
2020-04-04,0
2020-04-05,0
2020-04-06,0
2020-04-07,0
2020-04-08,0
2020-04-09,0
2020-04-10,0
2020-04-11,0
2020-04-12,0
2020-04-13,0
2020-04-14,0
2020-04-15,0
2020-04-16,0
2020-04-17,0
2020-04-18,0
2020-04-19,0
2020-04-20,0
2020-04-21,0
2020-04-22,581
2020-04-23,833
2020-04-24,1042
2020-04-25,537
2020-04-26,506
2020-04-27,1061
2020-04-28,1141
2020-04-29,1352
2020-04-30,1409
2020-05-01,706
2020-05-02,2266
2020-05-03,3686
2020-05-04,4224
2020-05-05,5139
2020-05-06,5444
2020-05-07,5759
2020-05-08,6830
2020-05-09,6954
2020-05-10,6345
2020-05-11,5678
2020-05-12,2644
2020-05-13,6486
2020-05-14,4478
2020-05-15,4421
2020-05-16,7595
2020-05-17,8773
2020-05-18,8990
2020-05-19,9750
2020-05-20,10022
2020-05-21,10356
2020-05-22,11811
2020-05-23,11963
2020-05-24,10565
2020-05-25,10224
2020-05-26,11610
2020-05-27,12405
2020-05-28,12699
2020-05-29,13850
2020-05-30,13746
2020-05-31,8795
2020-06-01,11920
2020-06-02,13238
2020-06-03,13408
2020-06-04,12014
2020-06-05,15166
2020-06-06,15092
2020-06-07,11292
2020-06-08,12814
2020-06-09,14115
2020-06-10,14641
2020-06-11,14528
2020-06-12,14206
2020-06-13,14243
2020-06-14,13732
2020-06-15,13891
2020-06-16,15282
2020-06-17,16148
2020-06-18,16651
2020-06-19,17338
2020-06-20,16357
2020-06-21,14315
2020-06-22,15198
2020-06-23,15999
2020-06-24,16139
2020-06-25,16591
2020-06-26,15759
2020-06-27,12643
2020-06-28,11572
2020-06-29,14618
2020-06-30,15732
2020-07-01,16721
2020-07-02,16701
2020-07-03,15479
2020-07-04,12032
2020-07-05,10570
2020-07-06,14015
2020-07-07,15419
2020-07-08,15898
2020-07-09,15704
2020-07-10,14561
2020-07-11,11104
2020-07-12,9898
2020-07-13,13975
2020-07-14,15335
2020-07-15,15404
2020-07-16,14392
2020-07-17,14001
2020-07-18,10538
2020-07-19,9563
2020-07-20,13174
2020-07-21,14426
2020-07-22,14825
2020-07-23,14895
2020-07-24,13348
2020-07-25,9885
2020-07-26,8880
2020-07-27,12196
2020-07-28,13768
2020-07-29,13886
2020-07-30,13503
2020-07-31,12512
2020-08-01,9219
2020-08-02,7858
2020-08-03,10660
2020-08-04,11338
2020-08-05,11329
2020-08-06,10973
2020-08-07,9687
2020-08-08,7480
2020-08-09,6863
2020-08-10,8538
2020-08-11,4834
2020-08-12,9537
2020-08-13,9882
2020-08-14,8915
2020-08-15,6922
2020-08-16,6907
2020-08-17,9062
2020-08-18,9661
2020-08-19,10177
2020-08-20,9882
2020-08-21,9366
2020-08-22,7738
2020-08-23,7521
2020-08-24,9903
2020-08-25,11237
2020-08-26,11813
2020-08-27,11788
2020-08-28,11493
2020-08-29,9302
2020-08-30,8702
2020-08-31,11933
2020-09-01,14697
2020-09-02,15516
2020-09-03,15942
2020-09-04,15615
2020-09-05,12766
2020-09-06,11779
2020-09-07,14821
2020-09-08,15818
2020-09-09,16779
2020-09-10,16969
2020-09-11,16441
2020-09-12,13619
2020-09-13,12470
2020-09-14,15383
2020-09-15,16175
2020-09-16,16873
2020-09-17,13839
2020-09-18,11359
2020-09-19,9308
2020-09-20,10561
2020-09-21,14086
2020-09-22,15359
2020-09-23,15803
2020-09-24,12587
2020-09-25,14433
2020-09-26,11901
2020-09-27,11189
2020-09-28,14042
2020-09-29,15632
2020-09-30,16056
2020-10-01,15928
2020-10-02,11300
2020-10-03,11539
2020-10-04,9712
2020-10-05,13310
2020-10-06,14896
2020-10-07,15917
2020-10-08,16251
2020-10-09,16335
2020-10-10,14150
2020-10-11,12048
2020-10-12,11185
2020-10-13,14545
2020-10-14,15293
2020-10-15,14789
2020-10-16,15133
2020-10-17,12906
2020-10-18,12029
2020-10-19,13754
2020-10-20,5282
2020-10-21,12179
2020-10-22,10844
2020-10-23,11628
2020-10-24,11451
2020-10-25,5976
2020-10-26,11391
2020-10-27,12527
2020-10-28,12878
2020-10-29,12994
2020-10-30,13835
2020-10-31,11706
2020-11-01,10356
2020-11-02,8949
2020-11-03,7939
2020-11-04,9057
2020-11-05,5094
2020-11-06,11479
2020-11-07,8758
2020-11-08,9338
2020-11-09,8034
2020-11-10,11950
2020-11-11,12584
2020-11-12,12659
2020-11-13,13634
2020-11-14,7149
2020-11-15,8534
2020-11-16,11572
2020-11-17,11125
2020-11-18,12370
2020-11-19,13149
2020-11-20,13655
2020-11-21,10995
2020-11-22,9469
2020-11-23,10777
2020-11-24,11620
2020-11-25,10948
2020-11-26,6307
2020-11-27,6015
2020-11-28,9909
2020-11-29,8781
2020-11-30,10618
2020-12-01,11762
2020-12-02,11652
2020-12-03,11067
2020-12-04,10489
2020-12-05,7982
2020-12-06,6923
2020-12-07,6254
2020-12-08,6986
2020-12-09,10167
2020-12-10,10702
2020-12-11,10942
2020-12-12,10483
2020-12-13,8743
2020-12-14,8849
2020-12-15,10919
2020-12-16,9815
2020-12-17,11431
2020-12-18,11562
2020-12-19,5556
2020-12-20,7838
2020-12-21,9447
2020-12-22,9900
2020-12-23,8750
2020-12-24,5117
2020-12-25,3485
2020-12-26,5665
2020-12-27,4830
2020-12-28,6211
2020-12-29,6884
2020-12-30,7204
2020-12-31,4900
2021-01-01,3241
2021-01-02,5214
2021-01-03,5304
2021-01-04,6909
2021-01-05,7283
2021-01-06,4255
2021-01-07,4004
2021-01-08,1944
2021-01-09,118
2021-01-10,294
2021-01-11,514
2021-01-12,528
2021-01-13,792
2021-01-14,1132
2021-01-15,1775
2021-01-16,2145
2021-01-17,2248
2021-01-18,3103
2021-01-19,3495
2021-01-20,2698
2021-01-21,3781
2021-01-22,5441
2021-01-23,3994
2021-01-24,4906
2021-01-25,6014
2021-01-26,7385
2021-01-27,8284
2021-01-28,7756
2021-01-29,8535
2021-01-30,6887
2021-01-31,5453
2021-02-01,8039
2021-02-02,8287
2021-02-03,8217
2021-02-04,8928
2021-02-05,9385
2021-02-06,5758
2021-02-07,6468
2021-02-08,6743
2021-02-09,4429
2021-02-10,9150
2021-02-11,8694
2021-02-12,10128
2021-02-13,9477
2021-02-14,8380
2021-02-15,9549
2021-02-16,10231
2021-02-17,10736
2021-02-18,11485
2021-02-19,12112
2021-02-20,10391
2021-02-21,4562
2021-02-22,9020
2021-02-23,10965
2021-02-24,11198
2021-02-25,11535
2021-02-26,12773
2021-02-27,11108
2021-02-28,8563
2021-03-01,9249
2021-03-02,11344
2021-03-03,11973
2021-03-04,12095
2021-03-05,12859
2021-03-06,10696
2021-03-07,7709
2021-03-08,8132
2021-03-09,11760
2021-03-10,12082
2021-03-11,13002
2021-03-12,13581
2021-03-13,10987
2021-03-14,9257
2021-03-15,11287
2021-03-16,12244
2021-03-17,12579
2021-03-18,12460
2021-03-19,8178
2021-03-20,9056
2021-03-21,8539
2021-03-22,11258
2021-03-23,12745
2021-03-24,13142
2021-03-25,13176
2021-03-26,12757
2021-03-27,10036
2021-03-28,9168
2021-03-29,10567
2021-03-30,11385
2021-03-31,12233
2021-04-01,9620
2021-04-02,5555
2021-04-03,8770
2021-04-04,9800
2021-04-05,11809
2021-04-06,13850
2021-04-07,13674
2021-04-08,13506
2021-04-09,9929
2021-04-10,9940
2021-04-11,6926
2021-04-12,11894
2021-04-13,10450
2021-04-14,13330
2021-04-15,12640
2021-04-16,14259
2021-04-17,11372
2021-04-18,9557
2021-04-19,11607
2021-04-20,12502
2021-04-21,13291
2021-04-22,9331
2021-04-23,13776
2021-04-24,9094
2021-04-25,2658
2021-04-26,10335
2021-04-27,10882
2021-04-28,12052
2021-04-29,12345
2021-04-30,13414
2021-05-01,9295
2021-05-02,9520
2021-05-03,8151
2021-05-04,13338
2021-05-05,14659
2021-05-06,15228
2021-05-07,16221
2021-05-08,12165
2021-05-09,6739
2021-05-10,11698
2021-05-11,13386
2021-05-12,13667
2021-05-13,14050
2021-05-14,14241
2021-05-15,11165
2021-05-16,10487
2021-05-17,13282
2021-05-18,14986
2021-05-19,13885
2021-05-20,15488
2021-05-21,15112
2021-05-22,11213
2021-05-23,8579
2021-05-24,12977
2021-05-25,14802
2021-05-26,15268
2021-05-27,15527
2021-05-28,14224
2021-05-29,12110
2021-05-30,11133
2021-05-31,13177
2021-06-01,14094
2021-06-02,15613
2021-06-03,16567
2021-06-04,15375
2021-06-05,9054
2021-06-06,9801
2021-06-07,14053
2021-06-08,15566
2021-06-09,16283
2021-06-10,16838
2021-06-11,14464
2021-06-12,11383
2021-06-13,10581
2021-06-14,14210
2021-06-15,15888
2021-06-16,13888
2021-06-17,10827
2021-06-18,13868
2021-06-19,11120
2021-06-20,8510
2021-06-21,13476
2021-06-22,12291
2021-06-23,14723
2021-06-24,15121
2021-06-25,14507
2021-06-26,11093
2021-06-27,9517
2021-06-28,13133
2021-06-29,14139
2021-06-30,14795
2021-07-01,15077
2021-07-02,13629
2021-07-03,10396
2021-07-04,9118
2021-07-05,12837
2021-07-06,10236
2021-07-07,13804
2021-07-08,13193
2021-07-09,12203
2021-07-10,8797
2021-07-11,7452
2021-07-12,11538
2021-07-13,11941
2021-07-14,12626
2021-07-15,12271
2021-07-16,10886
2021-07-17,7771
2021-07-18,7136
2021-07-19,10325
2021-07-20,11265
2021-07-21,11394
2021-07-22,11093
2021-07-23,9814
2021-07-24,7303
2021-07-25,6687
2021-07-26,9117
2021-07-27,10265
2021-07-28,10491
2021-07-29,10781
2021-07-30,9760
2021-07-31,7381
2021-08-01,6374
2021-08-02,8170
2021-08-03,8769
2021-08-04,8953
2021-08-05,8617
2021-08-06,7858
2021-08-07,6026
2021-08-08,5659
2021-08-09,7227
2021-08-10,7737
2021-08-11,7681
2021-08-12,7326
2021-08-13,6695
2021-08-14,4926
2021-08-15,4716
2021-08-16,6848
2021-08-17,7507
2021-08-18,7679
2021-08-19,7864
2021-08-20,7231
2021-08-21,5686
2021-08-22,5408
2021-08-23,7926
2021-08-24,8715
2021-08-25,8967
2021-08-26,8788
2021-08-27,8922
2021-08-28,6882
2021-08-29,6902
2021-08-30,9994
2021-08-31,11408
2021-09-01,8660
2021-09-02,10694
2021-09-03,11809
2021-09-04,9434
2021-09-05,8759
2021-09-06,11397
2021-09-07,12723
2021-09-08,13168
2021-09-09,12869
2021-09-10,12354
2021-09-11,9587
2021-09-12,9030
2021-09-13,9741
2021-09-14,5703
2021-09-15,11449
2021-09-16,12730
2021-09-17,11959
2021-09-18,9629
2021-09-19,8982
2021-09-20,11521
2021-09-21,12111
2021-09-22,10917
2021-09-23,11784
2021-09-24,9531
2021-09-25,8817
2021-09-26,8872
2021-09-27,10784
2021-09-28,11546
2021-09-29,12361
2021-09-30,12270
2021-10-01,12155
2021-10-02,9351
2021-10-03,5070
2021-10-04,10265
2021-10-05,11330
2021-10-06,12044
2021-10-07,12184
2021-10-08,11499
2021-10-09,8218
2021-10-10,7097
2021-10-11,8742
2021-10-12,7924
2021-10-13,11436
2021-10-14,11869
2021-10-15,11459
2021-10-16,8532
2021-10-17,7587
2021-10-18,10868
2021-10-19,11689
2021-10-20,11121
2021-10-21,12087
2021-10-22,11233
2021-10-23,8748
2021-10-24,7680
2021-10-25,10168
2021-10-26,9719
2021-10-27,11326
2021-10-28,11514
2021-10-29,5112
2021-10-30,4303
2021-10-31,2892
2021-11-01,4945
2021-11-02,8709
2021-11-03,10793
2021-11-04,9625
2021-11-05,8529
2021-11-06,6332
2021-11-07,5476
2021-11-08,8317
2021-11-09,6441
2021-11-10,9649
2021-11-11,10041
2021-11-12,9975
2021-11-13,7571
2021-11-14,6611
2021-11-15,7840
2021-11-16,9446
2021-11-17,9777
2021-11-18,9494
2021-11-19,9351
2021-11-20,6255
2021-11-21,6060
2021-11-22,3818
2021-11-23,6241
2021-11-24,7531
2021-11-25,8330
2021-11-26,8275
2021-11-27,5426
2021-11-28,4781
2021-11-29,7656
2021-11-30,8557
2021-12-01,7041
2021-12-02,8313
2021-12-03,7998
2021-12-04,5000
2021-12-05,4016
2021-12-06,4165
2021-12-07,5041
2021-12-08,3708
2021-12-09,7339
2021-12-10,7951
2021-12-11,7016
2021-12-12,6190
2021-12-13,8114
2021-12-14,8899
2021-12-15,9002
2021-12-16,8692
2021-12-17,8379
2021-12-18,6361
2021-12-19,5360
2021-12-20,5584
2021-12-21,7097
2021-12-22,7586
2021-12-23,4576
2021-12-24,2434
2021-12-25,2008
2021-12-26,1336
2021-12-27,4639
2021-12-28,5363
2021-12-29,5598
2021-12-30,5815
2021-12-31,4300
2022-01-01,3130
2022-01-02,3866
2022-01-03,5620
2022-01-04,5068
2022-01-05,3241
2022-01-06,3072
2022-01-07,4685
2022-01-08,3832
2022-01-09,4011
2022-01-10,6044
2022-01-11,7850
2022-01-12,7974
2022-01-13,7952
2022-01-14,7708
2022-01-15,5879
2022-01-16,5047
2022-01-17,6946
2022-01-18,7743
2022-01-19,7802
2022-01-20,8050
2022-01-21,7030
2022-01-22,5931
2022-01-23,5165
2022-01-24,7186
2022-01-25,8007
2022-01-26,8557
2022-01-27,8588
2022-01-28,8206
2022-01-29,6654
2022-01-30,5945
2022-01-31,7998
2022-02-01,8891
2022-02-02,9636
2022-02-03,9455
2022-02-04,8963
2022-02-05,7272
2022-02-06,6259
2022-02-07,8685
2022-02-08,9720
2022-02-09,9905
2022-02-10,9971
2022-02-11,9542
2022-02-12,7675
2022-02-13,5588
2022-02-14,8356
2022-02-15,9652
2022-02-16,9887
2022-02-17,10339
2022-02-18,10074
2022-02-19,6884
2022-02-20,6626
2022-02-21,9367
2022-02-22,10494
2022-02-23,10473
2022-02-24,10237
2022-02-25,6537
2022-02-26,5228
2022-02-27,6066
2022-02-28,7797
2022-03-01,10107
2022-03-02,10418
2022-03-03,4997
2022-03-04,8921
2022-03-05,7301
2022-03-06,6151
2022-03-07,5655
2022-03-08,9973
2022-03-09,10441
2022-03-10,10249
2022-03-11,5854
2022-03-12,6809
2022-03-13,6033
2022-03-14,4169
2022-03-15,8762
2022-03-16,9543
2022-03-17,7679
2022-03-18,9470
2022-03-19,7049
2022-03-20,6057
2022-03-21,3612
2022-03-22,7203
2022-03-23,7677
2022-03-24,5374
2022-03-25,6061
2022-03-26,6202
2022-03-27,6180
2022-03-28,9186
2022-03-29,10042
2022-03-30,8829
2022-03-31,9965
2022-04-01,9428
2022-04-02,6773
2022-04-03,6155
2022-04-04,8297
2022-04-05,9242
2022-04-06,10578
2022-04-07,11151
2022-04-08,9677
2022-04-09,7038
2022-04-10,6723
2022-04-11,8036
2022-04-12,6557
2022-04-13,7418
2022-04-14,4935
2022-04-15,4929
2022-04-16,5522
2022-04-17,5924
2022-04-18,9826
2022-04-19,9098
2022-04-20,6743
2022-04-21,11492
2022-04-22,3377
2022-04-23,5188
2022-04-24,8123
2022-04-25,10896
2022-04-26,8708
2022-04-27,8366
2022-04-28,9292
2022-04-29,11334
2022-04-30,8157
2022-05-01,7860
2022-05-02,5705
2022-05-03,8452
2022-05-04,11942
2022-05-05,13290
2022-05-06,12612
2022-05-07,9966
2022-05-08,9780
2022-05-09,12137
2022-05-10,12781
2022-05-11,13918
2022-05-12,13692
2022-05-13,12619
2022-05-14,9098
2022-05-15,9193
2022-05-16,8309
2022-05-17,12676
2022-05-18,13887
2022-05-19,14502
2022-05-20,13481
2022-05-21,9774
2022-05-22,9143
2022-05-23,12400
2022-05-24,12757
2022-05-25,13676
2022-05-26,13895
2022-05-27,13534
2022-05-28,10712
2022-05-29,10604
2022-05-30,11860
2022-05-31,14124
2022-06-01,14418
2022-06-02,14574
2022-06-03,14267
2022-06-04,10500
2022-06-05,9432
2022-06-06,13357
2022-06-07,14516
2022-06-08,14883
2022-06-09,15215
2022-06-10,14050
2022-06-11,10162
2022-06-12,9279
2022-06-13,12823
2022-06-14,14103
2022-06-15,14423
2022-06-16,13685
2022-06-17,12923
2022-06-18,10071
2022-06-19,9111
2022-06-20,12502
2022-06-21,14290
2022-06-22,14587
2022-06-23,13944
2022-06-24,13492
2022-06-25,9758
2022-06-26,9081
2022-06-27,12628
2022-06-28,13371
2022-06-29,13491
2022-06-30,13468
2022-07-01,12932
2022-07-02,9918
2022-07-03,8967
2022-07-04,12869
2022-07-05,13883
2022-07-06,13463
2022-07-07,13544
2022-07-08,12563
2022-07-09,8632
2022-07-10,7940
2022-07-11,11869
2022-07-12,12087
2022-07-13,13269
2022-07-14,12590
2022-07-15,11013
2022-07-16,7677
2022-07-17,7117
2022-07-18,10869
2022-07-19,12390
2022-07-20,12802
2022-07-21,12374
2022-07-22,10525
2022-07-23,6983
2022-07-24,5952
2022-07-25,6160
2022-07-26,10893
2022-07-27,11547
2022-07-28,11722
2022-07-29,10148
2022-07-30,7020
2022-07-31,6989
2022-08-01,8993
2022-08-02,9033
2022-08-03,8980
2022-08-04,8918
2022-08-05,8282
2022-08-06,6387
2022-08-07,5992
2022-08-08,8174
2022-08-09,8782
2022-08-10,9037
2022-08-11,8806
2022-08-12,7470
2022-08-13,5091
2022-08-14,4929
2022-08-15,4886
2022-08-16,7248
2022-08-17,7360
2022-08-18,9326
2022-08-19,7305
2022-08-20,5891
2022-08-21,5753
2022-08-22,8380
2022-08-23,9280
2022-08-24,10214
2022-08-25,9962
2022-08-26,9067
2022-08-27,9488
2022-08-28,7456
2022-08-29,10183
2022-08-30,11970
2022-08-31,12806
2022-09-01,12376
2022-09-02,12000
2022-09-03,10268
2022-09-04,8812
2022-09-05,12871
2022-09-06,13659
2022-09-07,13361
2022-09-08,14342
2022-09-09,13920
2022-09-10,10642
2022-09-11,10159
2022-09-12,11328
2022-09-13,10265
2022-09-14,14091
2022-09-15,12339
2022-09-16,13988
2022-09-17,10802
2022-09-18,10449
2022-09-19,13407
2022-09-20,14239
2022-09-21,15198
2022-09-22,15669
2022-09-23,13416
2022-09-24,11066
2022-09-25,8534
2022-09-26,12340
2022-09-27,13888
2022-09-28,14239
2022-09-29,11574
2022-09-30,12957
